{
  "mae": 3.6880126354741156,
  "rmse": 4.628557354762415,
  "r2": 0.8692181690353052,
  "mape": 0.7244387178789484
}